,0,1,2,3,4,5,6,7,8,9,10,11,12,13,14,15,16,17,18,19,20,21,22,23,24,25,26,27,28,29,30,31,32,33,34,35,36,37,38,39,40,41,42,43,44,45,46,47,48,49,50,51,52,53,54,55,56,57,58,59,60,61,62,63,64,65,66,67,68,69,70,71,72,73,74,75,76,77,78,79,80,81,82,83,84,85,86,87,88,89,90,91,92,93,94,95,96,97,98,99,100,101,102,103,104,105,106,107,108,109,110,111,112,113,114,115,116,117,118,119,120,121,122,123,124,125,126,127,128,129,130,131,132,133,134,135,136,137,138,139,140,141,142,143,144,145,146,147,148,149,150,151,152,153,154,155,156,157,158,159,160,161,162,163,164,165,166,167,168,169,170,171,172,173,174,175,176,177,178,179,180,181,182,183,184,185,186,187,188,189,190,191,192,193,194,195,196,197,198,199
0,36.14180811409471,3.5806456550211188,17.366737563281287,55.97346073438329,67.46584826904792,59.84504193386816,41.38447357646612,16.46609349919405,22.570747415981675,90.99300042993836,64.53325745192215,11.489424545851126,104.6412040773166,65.16403565305437,81.5074625367959,85.51174319585638,45.58897244142252,88.51011474918371,74.84943811195053,20.42777984989014,52.031890772938915,73.08759707454762,60.38794803124292,14.18568348581924,94.72318573657819,67.68011849194892,64.02571889373559,16.665891572878863,71.19590218303611,101.01624482709053,13.228275957477118,81.99892973832277,64.64564077306828,39.29295675998489,43.23097948435334,88.20685429824488,20.326284157759257,102.74017177799794,26.316095339856247,94.30447653120129,63.77146065567559,9.495547034941383,64.71920379255009,97.67673810510023,36.17323760784938,93.98303837089595,7.944936310833382,68.57348892738048,73.78927403415176,31.4859104951316,84.83978880202244,54.71012525893262,29.40473678105165,53.54415403889344,53.453920308729664,21.48070669240519,87.84317108002591,72.98603745303521,33.203275437048916,30.5087781306894,52.134385669160295,63.89745433964767,45.27877390921651,15.690980232002794,85.15821688535922,23.505015856370463,19.443791891034696,23.44807542084063,73.27395495026981,63.244398593329116,102.66611377460148,41.26268694980088,14.800555180518488,20.522286116404576,45.89202130756146,4.571147061199646,2.4310158274589115,65.70508640208482,29.997484569818244,84.99592632948587,90.17134660653277,12.494581600168983,21.108991586692806,57.38327081879384,85.6722992610971,10.269183231749857,106.90037193786036,40.86471281165208,1.5913937398803828,40.399263277729204,24.409617106821713,83.40390680980416,86.92411739918299,12.315715625114553,69.01368324692216,102.70614821830402,92.65090072866985,53.51559674126367,30.660437697151085,104.92985774840048,16.39822057718163,102.29765477948955,29.442486093125904,69.87241154339398,106.46266145394029,64.43264094790952,17.007387007392968,80.61778906838062,68.88711330963565,19.87227237113654,74.36108795687883,76.7319966075128,102.36148149267555,87.60398078931071,35.3040762893506,24.6249380088039,1.2428265141363446,23.28869611952454,32.43999083545769,61.29139835317187,105.82649529937144,64.60103176781561,62.82155617493573,25.58337129765647,21.034412480702795,65.48538047932264,66.62985414630536,76.6834286489063,106.59093927915215,74.09921966391181,40.0687104154825,31.93360091251374,76.80563116313024,37.4532869367908,96.16721870492094,98.75397250143168,49.4433937399944,67.97568046703213,63.80695022712023,37.51010429818823,40.31482612230931,15.496228900940629,37.867004543884754,19.25653538693817,74.74422884252684,47.59959109454567,38.478794564288286,30.347808800207762,63.411009565031,76.31798805422558,51.38360919648556,12.20133896427581,59.29564374177053,30.107219810231957,97.36810671965235,65.82128960007725,4.549964285558617,100.75224242483887,75.93508663181012,107.35680912505305,2.0988329443480334,45.68979795579233,58.33578141604628,100.79207631861371,14.928800356271292,7.845246849689864,19.48794455206481,105.75895118471614,72.6939506107674,4.819887736948267,71.47086830158781,4.429360384249063,19.13970650097239,8.012148538315996,66.89032000758723,15.027576927742922,41.441928242930665,68.84451953761473,43.11151015551607,47.679249842717525,79.42603671411322,48.04252377527408,84.21428128176834,14.606395756507874,9.351764112863725,71.16378006793481,4.876183609440625,56.184933001381545,29.08473636716609,61.09921840954427,2.3824870027291847,15.506421002370207,90.98716069809636,41.16773925755162,79.41511644001254,3.8827886480927063,63.84994785523836,71.4689724348046,87.57408256355143,17.721608941049148
1,23.158145996313433,2.2943266860992093,11.127872814234896,35.865432396567144,43.229269522086746,38.346178306434545,26.51742486261009,10.550778091663135,14.462382796542345,58.30447613320539,41.35018903789919,7.361938567281674,67.04966928058812,41.75436509978845,52.22654359896425,54.79231772459725,29.211490368370505,56.71354772958055,47.960362416472194,13.089259581338332,33.339840640514005,46.83144900301844,38.69404963112321,9.089587554253528,60.69462151972743,43.36656484192629,41.02497974034169,10.678800268792969,45.619330717740425,64.72694831205186,8.476121198355585,52.541455049144865,41.42219952919605,25.17726911730503,27.700587953480223,56.51923122566965,13.024225423419507,65.8315679782861,16.862243748552974,60.4263303241816,40.862061787283814,6.084345970069954,41.46933560882193,62.58713328178607,23.178284690057346,60.22036631093583,5.090780030618841,43.938998930093724,47.28105399847037,20.17484321125474,54.361757695443586,35.055940317741154,18.84131488964435,34.30883514646897,34.251017178692486,13.763930684273316,56.28619836142179,46.7663738818488,21.275258218946664,19.548738012476633,33.405515046262565,40.942793224926,29.01272823466676,10.054118208222098,54.56579297834809,15.061022601002874,12.458761606863664,15.024537571949242,46.95085926826896,40.524342651860216,65.78411473384861,26.439389129815297,9.48357139783696,13.149815210171253,29.405671297667336,2.9289982028485495,1.5576923897641681,42.10104759552599,19.221122667603737,54.46180403637614,57.77799502465688,8.006000805109764,13.525751325345079,36.768779225779106,54.89519527814134,6.5800594091199605,68.49724874256441,26.18438409063983,1.0196979755253808,25.88614366430382,15.640652921662676,53.441705087552606,55.69730753304319,7.891391033761107,44.2210568804462,65.80976711651905,59.36678870606149,34.29053683483823,19.645915064902177,67.23462637615539,10.507287986458714,65.54802175323402,18.865503056365736,44.77129374734785,68.21678232929759,41.28571822663797,10.897616137235035,51.656478371304196,44.13995620398939,12.733313823051741,47.64744823816736,49.166626484645064,65.58891921851192,56.13293531338068,22.62136278275815,15.778621472334514,0.7963508015868869,14.92241403908623,20.786177645429532,39.27294248533787,67.80915389413711,41.39361596046229,40.25340306777312,16.39274509229582,13.477964180348376,41.960269308520566,42.69359975466905,49.13550618561072,68.29897734828965,47.47965408295544,25.67433933455798,20.461704344880282,49.21380840160891,23.998486301125833,61.61989692926982,63.27737963979176,31.681240937623766,43.55594848726933,40.88480200753696,24.034892469467305,25.832039897094543,9.929329770867877,24.263579091062667,12.338775538459538,47.8929487548815,30.49980998328702,24.655588327757922,19.445595655999764,40.631099934038225,48.90134726866115,32.92444915409934,7.818103294478315,37.99414712131668,19.291436380476622,62.389375309614806,42.175505702764355,2.9154251738137678,64.55778670963781,48.65600018988467,68.78971443730183,1.3448436114110454,29.2760951046515,37.37910783481196,64.58331058837477,9.565745496432987,5.026903229320815,12.487052769470505,67.76587447481639,46.579216955015305,3.0883807347358174,45.79551740705486,2.8381472815335966,12.263916516762528,5.133846790639981,42.86049529081875,9.629037356539543,26.55423938915384,44.112663911697865,27.62403704737832,30.550851948708996,50.892853736796454,30.783622559970105,53.960958863517206,9.359162229551757,5.992215939089229,45.59874822145584,3.124452754985946,36.00093490429606,18.636272123653008,39.14980168457767,1.5265971660672042,9.935860439509863,58.300734279390284,26.378550653993056,50.88585648582481,2.487927170148766,40.9123530737789,45.794302615597374,56.11377779157163,11.355259422849425
2,30.70441368320825,3.0419514457516916,14.753979457456854,47.552471316427585,57.315873854511345,50.8415881857841,35.15834052193062,13.988833789100656,19.175066272604056,77.3034574987853,54.824479917374816,9.76088531941055,88.89834200204143,55.360359992017806,69.24498188075965,72.6468340922298,38.73028888911414,75.19411230970844,63.588631329398275,17.354499840198258,44.20389522207612,62.091852422109035,51.3028161728374,12.051502590922873,80.47245093731303,57.497907955936945,54.39329856082664,14.158573019859677,60.48475566790073,85.81874376909337,11.238133300686112,69.66250975373634,54.91995560505127,33.381484274011406,36.727046799305455,74.93647621386101,17.268273780107066,87.28331261670591,22.356941171589604,80.11673490301075,54.177292485560216,8.06697892337877,54.98245135442897,82.98165284198348,30.731114731895435,79.84365586345558,6.749651550483338,58.256874284772636,62.68796481282419,26.748977748514193,72.07597262289228,46.47919974859525,24.98090852347702,45.488644362716904,45.41198594622647,18.249017935382554,74.62750772101239,62.00557205056307,28.207971815861484,25.9188511470345,44.290970159889525,54.28433090992287,38.46675851933547,13.330333297590876,72.34649443984894,19.968777660653735,16.518549041814964,19.92040369213808,62.250173480403475,53.7295248601021,87.22039635181793,35.054876219469406,12.573869231145789,17.434788006566535,38.987745232271706,3.883435768647107,2.0652789534239084,55.82001176066747,25.48447971334781,72.20861986675945,76.60541829669025,10.614820405196546,17.933225921268033,48.75018095812143,72.78323512205478,8.724224563998714,90.81762684664477,34.7167757421949,1.351974742600094,34.321351279945844,20.737285172079837,70.8561134904947,73.8467220911238,10.462864120259605,58.630843081395604,87.25440776920853,78.71193314718305,45.46438339942113,26.04769412171234,89.14356885123938,13.931172084163853,86.90737057913103,25.012978598403137,59.360379046312225,90.44576820223683,54.739000774969725,14.448691794746287,68.48915632463469,58.52331509878791,16.882566300572307,63.17375155536359,65.18796622288524,86.96159481161867,74.4243026790305,29.992715352528972,20.920211882006235,1.055848099963215,19.78500238668315,27.55952041322842,52.07034590846001,89.90531077079139,54.88205785109967,53.37029743860252,21.734452611075092,17.869866951644482,55.6333597392787,56.605651795327546,65.14670512471065,90.55474712767557,62.95128032834605,34.040528809898106,27.129314884219053,65.25052274606526,31.81858561898155,81.69923476318631,83.89682151407442,42.0048274978941,57.74900378167241,54.20744278904354,31.866855029389235,34.24961736607907,13.164881546659906,32.17006102154409,16.35946455028924,63.49925038527131,40.43841778764019,32.68980961338067,25.782099026116406,53.87106985926613,64.83624364585235,43.653145086836936,10.365694983092746,50.374844814403254,25.5777057137364,82.71945384782974,55.918732639578906,3.8654398591954404,85.5944595012309,64.51094825286542,91.20539483466911,1.783071692809861,38.815945597081274,49.55939004150078,85.62830054065024,12.682820419109577,6.664959980954114,16.556059106757022,89.84792840542396,61.75742853743001,4.094754377387325,60.718354203597265,3.7629803456612176,16.26021211572599,6.806751959812091,56.826931581051184,12.7667364396667,35.20715135733733,58.48712939406805,36.62555116622881,40.50609218704029,67.47669847587828,40.81471296966219,71.54457027569345,12.408920337153116,7.944827582579324,60.457466200054064,4.142580754866995,47.73212840353131,24.709050926985928,51.90707868972736,2.0240511015865694,13.173540286079003,77.29849633188104,34.97421303815086,67.46742111453368,3.298638200920834,54.243971591281884,60.716743562596236,74.39890252502578,15.05546181697016
3,23.102549228373253,2.2888185962734378,11.10115764616318,35.77932869369112,43.1254871352659,38.254118968997304,26.453763327844204,10.525448379982247,14.427662325381595,58.1645020424484,41.25091784129353,7.344264441288161,66.88870022442741,41.654123580138645,52.10116106509251,54.66077542522993,29.14136107341504,56.57739304981094,47.84522188924605,13.057835626779609,33.259800235571895,46.71901870730575,38.601155143872376,9.067765786223989,60.54890930302465,43.262452844261915,40.9264892878358,10.653163208705424,45.50981040709447,64.57155551310525,8.455772205678327,52.415316493663276,41.32275545387313,25.11682495270286,27.634085947641697,56.38354304997928,12.99295759919119,65.6735232708812,16.821761826865966,60.28126220581646,40.76396245899101,6.069739016170467,41.36977837186332,62.43687762981538,23.12263957427952,60.075792659331995,5.078558373667465,43.83351266502616,47.16754431649762,20.126408588015718,54.23124906025772,34.97177999769306,18.79608172582484,34.22646843428745,34.168789272619954,13.730887017465095,56.15106963786019,46.65409981480877,21.22418178155593,19.501806507209498,33.32531697391925,40.84450008116089,28.943076116607262,10.02998084951667,54.43479450678771,15.024864949236491,12.428851316204424,14.988467511378367,46.83814229914088,40.42705410057884,65.62618394951078,26.375914938825893,9.460803775664889,13.118245877081613,29.335075824112504,2.921966429518901,1.5539527699202613,41.99997378013595,19.17497768273877,54.33105521558988,57.639284879987,7.9867804508999996,13.493279466079164,36.680506818895374,54.76340599615842,6.564262374415209,68.3328044194529,26.121522101334833,1.0172499422621228,25.823997673756924,15.603103726184893,53.31340526266363,55.56359258529649,7.872445828212308,44.1148934665942,65.65177474739085,59.22426427532468,34.20821405220899,19.598750262460317,67.07321328545396,10.482062683364209,65.39065776757936,18.820211822962747,44.66380935592682,68.05301133409824,41.1866018079119,10.871453756378662,51.53246441780923,44.03398749205737,12.70274440295039,47.53305893761364,49.04859002682571,65.43145704853426,55.99817453508193,22.567054693616477,15.740741049758675,0.7944389675945694,14.886589150920724,20.7362753650354,39.178658224843396,67.64636151024453,41.29424050695556,40.15676497293091,16.35339031644528,13.445607045759097,41.859533465684756,42.591103373548165,49.01754443964627,68.13500902393463,47.36566761312533,25.612701831874126,20.412581041645904,49.09565867211017,23.940872091680408,61.47196336366315,63.12546688337955,31.605182405099338,43.45138182805375,40.78664808580872,23.977190858150713,25.770023795813856,9.905491997189435,24.205328461831,12.309153303571351,47.777970070563676,30.426587763419747,24.596396584908334,19.398911769072143,40.53355508590804,48.78394767818915,32.84540599755865,7.799334033991545,37.9029329204508,19.245122590424135,62.239594423805826,42.07425313255905,2.908425985845038,64.40280002430475,48.53918961481165,68.62456797908143,1.3416149868833582,29.205810710296827,37.28937018550126,64.42826262675634,9.542780595329734,5.014834924183487,12.45707455898718,67.60318599370741,46.46739220374655,3.080966324832392,45.6855741173638,2.831333617960675,12.234473999182375,5.121521741445409,42.75759823632811,9.605920507915993,26.490489472153495,44.006760721558535,27.557718820628278,30.477507190176183,50.77067305016166,30.709718978910672,53.831412443512676,9.336693281878928,5.977830165760655,45.48927732410359,3.1169517454152027,35.91450589465848,18.591531214916454,39.05581305355738,1.522932197878754,9.912006987371276,58.16076917186443,26.31522252057763,50.763692597794645,2.481954295223768,40.8141330090081,45.68436224230898,55.9790630055684,11.327998357860318
4,39.400039974717565,3.9034456023275967,18.932371951719418,61.01954233988457,73.54798382906804,65.24015171126743,45.11533867088184,17.950533632617987,24.605530183812895,99.19613991201851,70.35101606642907,12.525211383004837,114.07474719121767,71.03865975767255,88.85546821701931,93.2207400799797,49.69887867612948,96.48941879929598,81.59721407368966,22.269371253911377,56.72263462697215,79.6765407337274,65.8320015122391,15.464541636808722,103.26260636357928,73.78157079630112,69.79772223513724,18.16834376721895,77.61430704275566,110.12299306439714,14.420822551983406,89.39124183756681,70.473530892795,42.8352688437993,47.12830953151613,96.1588190171262,22.158725590733862,112.00233431276031,28.68852618263054,102.80614996888113,69.5205422802263,10.351583174185434,70.55372571589555,106.48242538923029,39.43430287895329,102.45573373277448,8.66118283997373,74.7554797594918,80.4414748004035,34.32440702004535,92.48820810773674,59.642315498407775,32.055612739741946,58.371230428897974,58.272862008472046,23.417220845569393,95.76234927519393,79.56582537784998,36.196594685618535,33.259184879025824,56.83436957381207,69.65789446164983,49.36071533547888,17.105542877981126,92.83534290445019,25.62402416126501,21.19667547756404,25.561950470071395,79.87969901872185,68.94596487502145,111.92159988228974,44.982572818552356,16.13484482900084,22.37239738549769,50.02924779884945,4.9832420218993265,2.650175123465911,71.62848694818982,32.701797526585004,92.65842164005899,98.30041290839537,13.620984676802728,23.011995130850302,62.556448670281284,93.3957704871109,11.194963698588559,116.5375820259892,44.54872078485038,1.7348599928610111,44.04131035909409,26.61017641232129,90.9228794525189,94.76044168800819,13.42599369724205,75.23535817984737,111.96524348410583,101.00350211807933,58.34009865307118,33.42451675623228,114.38942337298619,17.87654187680853,111.51992382085348,32.09676520228749,76.17150196937781,116.06041136232564,70.24132885134289,18.54062546736422,87.88558950731698,75.09737779511002,21.66378404034275,81.06483850546287,83.64948771051888,111.58950459675282,95.50159566303394,38.4867855166447,26.84490877874603,1.3548689701419334,25.388202913690904,35.36449896644912,66.81689907704273,115.36689398650847,70.42490032664736,68.48500265268015,27.889746097750134,22.93069261969732,71.3889742455551,72.63662372913325,83.5965412861301,116.2002536033464,80.77936243911775,43.68095771859633,34.81245732138806,83.72976051883245,40.8297503499456,104.83682081621279,107.65677389286942,53.90078115880882,74.10377807482253,69.55923128353211,40.8916898717108,43.94926108230105,16.89323445653316,41.280765147165695,20.99253755165735,81.48252004930885,51.89075726330152,41.947708848043575,33.08370395024499,69.12759604644921,83.19815573792093,56.01590960794427,13.30130582897063,64.64122454463676,32.8214255442339,106.14597047569329,71.75516601835804,4.960149590983936,109.83519049598938,82.78073524523501,117.0351676300234,2.28804551356459,49.808793744133304,63.594829359194655,109.87861546803623,16.274651477170572,8.55250624189891,21.244808559453162,115.29326068047477,79.24740651996909,5.254406998950155,77.9140617210061,4.828673088267123,20.865176386916442,8.734454338766621,72.9205709327197,16.38233288736073,45.17797295160988,75.05094413813856,46.99806988448238,51.97759735310552,86.5863991001888,52.37362091173095,91.806310256232,15.923181675808928,10.194838031284513,77.57928907644174,5.315778018894934,61.2500791117852,31.70676386479868,66.6073938570116,2.597271360924722,16.90434538940304,99.18977372061795,44.879065466116685,86.57449434891727,4.232827186323635,69.60610520476274,77.91199493932189,95.4690020726311,19.31923545411525
5,34.52148699960321,3.420117002441605,16.588146423768176,53.46404061924211,64.44119775592691,57.16204985065637,39.52911160518963,15.727880322761122,21.558848440354414,86.91357309741194,61.640081789371756,10.974326985534566,99.94989610852222,62.24258074020668,77.85329387649884,81.67805334282477,43.545113030692036,84.54200094255216,71.49376413466214,19.511955082394554,49.699180384455914,69.81091051881461,57.68061620802739,13.549706381325613,90.47652554192616,64.64586174758244,61.15529736234687,15.918720985228314,68.00402469842692,96.48745219216575,12.635221653869618,78.32272746307207,61.74742670547753,37.531362340358285,41.29283436893703,84.25233636125812,19.415009677633645,98.13409149798417,25.13628372679223,90.07658804172137,60.91243811103268,9.069839629661834,61.817691724114,93.2976633048932,34.551507436229706,89.7695606999479,7.588746382064626,65.49918031358283,70.48112967227884,30.07432407357802,81.03622422354452,52.25734340436482,28.086454205869092,51.14364537942298,51.05745703674403,20.517676771543833,83.90495790553489,69.71390405077467,31.71469556049465,29.14099882019016,49.79708019666957,61.03278320581996,43.248821418411865,14.987517181766862,81.34037643708398,22.451231458857666,18.572081586797438,22.396843795166642,69.98891353857798,60.409005463838085,98.06335368671041,39.41278495556885,14.137011951317453,19.602224413706363,43.83457551302368,4.366211932405715,2.32202774743647,62.759374928804455,28.65262773596344,81.18536174337927,86.1287559213225,11.934420516927675,20.162626516479207,54.81064564650715,81.83141130713626,9.808791920765689,102.10778023212444,39.03265292141852,1.5200478661471821,38.588070570044025,23.31527733638251,79.6647161525912,83.02710753360556,11.763573518542312,65.91963970043435,98.10159329341327,88.49714587906747,51.116368371705,29.285859136404685,100.22560876579307,15.663050301322235,97.71141356325313,28.122511128696566,66.73986921494173,101.68969332478059,61.54397615668585,16.244906387070593,77.00350653390564,65.79874418710574,18.98135229280982,71.02730785011927,73.29192316492939,97.77237877679536,83.67649107052516,33.721312636279656,23.520944902738222,1.1871077178838783,22.24460983772267,30.985630778576535,58.54356275582599,101.08204797496282,61.70481762543279,60.00512005214626,24.436409403480997,20.09139096485023,62.54951893232451,63.642683189392336,73.24553262059528,101.81222015745617,70.7771797203165,38.27233715956528,30.501943490811254,73.36225651257057,35.77416918376605,91.85581916183231,94.32660278382257,47.226731679365884,64.92817299355558,60.94633660264605,35.828439291023585,38.50741892821389,14.801497004741021,36.16933887062051,18.393220226254765,71.39327164089475,45.46559098452971,36.753700924925454,28.98724611827734,60.56814687910543,72.89647557567456,49.079962775227074,11.654324628787323,56.63728245423198,28.75744329094014,93.00286858054588,62.870368467814586,4.345978829745251,96.23528563014915,72.53074051243931,102.54375428118324,2.0047373937108968,43.64141830331586,55.720452983656145,96.27333367804289,14.25950759828498,7.493526230765074,18.614254781589942,101.01753201968432,69.43491213934978,4.603800986528876,68.26666344790365,4.230781881158289,18.28162905031487,7.652945329442428,63.89147176177635,14.353855786874734,39.583990445649434,65.7580599927112,41.17872112730596,45.54167844619566,75.8651832028008,45.888665965482375,80.43875965673486,13.951557144776688,8.932502829588095,67.9733426922758,4.657572984438919,53.66603209384988,27.78080015300753,58.35999868496985,2.275674582516645,14.811232170615652,86.90799517429785,39.32209398866211,75.85475250992542,3.7087142240973288,60.987406547331936,68.26485257722716,83.64793325159694,16.92710809429309
6,64.39828448327529,6.380074754365383,30.94444258615879,99.73476801456765,120.21216193777751,106.63323824874763,73.73978341522194,29.33965478821118,40.217064085614766,162.13336945333234,114.9868058316823,20.472114403271885,186.4520448885764,116.11074058099331,145.23182524195533,152.36674235011432,81.23145381423215,157.7093080476626,133.36840795928276,36.39867640218906,92.71159023423859,130.22912007465877,107.60060051230882,25.27636906890734,168.7798973136428,120.59395342776365,114.0824622428627,29.695659478063625,126.8584556797137,179.99301117616787,23.570438856949828,146.10753252694266,115.18705295444651,70.01307183166988,77.02992906540031,157.16895177300046,36.21782910105133,183.06474289093023,46.890609037463975,168.03383185840866,113.62941921039697,16.91937872477395,115.31812919283179,174.04260318225587,64.45428626031946,167.4610861334085,14.156465751004324,122.18578091099997,131.47938382231908,56.10230165794285,151.16943893692317,97.48372852343168,52.39401964628091,95.4061748468044,95.24539436214438,38.27480507096801,156.52093285610727,130.0481588627149,59.162341037878164,54.36122529052603,92.89421793964034,113.85391758297192,80.67873511072305,27.958540580262156,151.73682123925437,41.88176455156737,34.645384582852046,41.78030680616969,130.56117671827135,112.69028820388563,182.93278467910162,73.52278127173516,26.371961248218195,36.56706978796644,81.77143308235124,8.144972380261784,4.331638537447458,117.07479694325271,53.45019095368534,151.44764828606154,160.6693282382552,22.263125791799744,37.61247475675605,102.24679924987971,152.65282474898729,18.297861055579137,190.47748086343103,72.8136620244472,2.8355810661767533,71.98431360326282,43.49360335295174,148.61095219139636,154.88334239003308,21.944418384866182,122.97012902463825,183.00411894900165,165.08745339804182,95.35529081324886,54.63145570829533,186.96637447521246,29.21871729314539,182.27625617580335,52.46128221738226,124.50023036753328,189.69755850382433,114.8075250876569,30.3041437042029,143.64658509748438,122.7446038709803,35.408860714594546,132.49825469759537,136.7227929189646,182.3899840452118,156.09473823024658,62.90559512472808,43.8772669664951,2.214496163779283,41.49632119165649,57.80230341165309,109.21038856343284,188.56402337820955,115.10756762815326,111.93685809697644,45.58502490154148,37.47958803263612,116.68332000131241,118.72256885563932,136.63625344077246,189.9261268105015,132.03165189857648,71.39532709786928,56.900006486876634,136.85399662204114,66.73510687055474,171.35290765128275,175.96204359572727,88.09934815200951,121.12059238544283,113.69265532495069,66.83634531970233,71.83386158551863,27.61152828963061,67.47227818398954,34.31172674304273,133.18094372281632,84.81401923548758,68.56237936690769,54.07440652637581,112.98715937092356,135.98510319107567,91.5564675781192,21.740619484720174,105.65430822516915,53.64571966679494,173.49267685599693,117.28185040827472,8.107228435421781,179.52260577335016,135.30284084681443,191.2907708830335,3.7397476243111454,81.4111069776008,103.94400400016656,179.59358269888997,26.60047137935676,13.978836832759884,34.72405678477218,188.44367175946897,129.52771197464546,8.588184096423127,127.34839647818883,7.8923336985063735,34.10355841315349,14.276226005735243,119.18667277042023,26.776473690304563,73.84215742883507,122.66870933246801,76.81705593516838,84.95595698000103,141.5230940175294,85.60324662251926,150.0548956050404,26.02600363084962,16.663183088668443,126.80121977441621,8.688493344940863,100.11157404395847,51.82383573010513,108.86795802861732,4.245168788874885,27.62968880460187,162.1229640881309,73.35360134368075,141.50363602815733,6.918439917531204,113.76926946331689,127.34501838022366,156.04146490086822,31.57676036805621
7,24.389113335825492,2.4162812336354693,11.719373014412746,37.77185339869227,45.52711404302222,40.38446293845306,27.92695410294886,11.1116029193218,15.231128311701404,61.403640715670726,43.54815135303471,7.75326116854952,70.61368312792408,43.97381132523689,55.0026367040065,57.70479411998243,30.764222205697177,59.72814678142543,50.50968738122702,13.785016963884747,35.11201423936525,49.32076676593078,40.75082530465742,9.57274304566042,63.920833876568246,45.67170727240156,43.205655610186525,11.246430093656725,48.044218537899994,68.1674983185638,8.926667989216238,55.33428721913957,43.6239895498354,26.515562605326124,29.173008028102924,59.5235014165651,13.716525926284643,69.33083385660979,17.758553467330305,63.638281707831894,43.034077780847255,6.407758352591431,43.6736311398135,65.91394178173383,24.410322498434358,63.421369712245024,5.361379583421106,46.2745689978535,49.794270438987155,21.24723359504386,57.2513477451916,36.91933290512241,19.84282180070306,36.132515484641544,36.07162421255213,14.495550095358531,59.27808172977248,49.25223258768517,22.406140976632788,20.58784788016066,35.181179557060354,43.11910048442348,30.554894904343136,10.588543163651822,57.466228489101645,15.861588713870407,13.121004976054675,15.823164329258981,49.44652426366481,42.67840724181385,69.28085824297808,27.844770393955947,9.987669033913974,13.848791416941713,30.968724789497724,3.0846886076749995,1.6404912656807211,44.338921670488006,20.242818196958357,57.356712032480715,60.84917459270887,8.431558425860846,14.24471035282993,38.72321747605478,57.81314011251131,6.929821355778604,72.1382084317361,27.576210604988077,1.0738998492089704,27.262117259156685,16.472029186337554,56.28238989630564,58.65788850886264,8.310856591471323,46.57161969092333,69.30787417371722,62.522420333934825,36.11324452934626,20.690190362396727,70.80847158667088,11.065801104919796,69.03221577985005,19.868295685341646,47.15110430556174,71.84283387363693,43.48025360668865,11.476877082632448,54.402269755442155,46.48620812170565,13.410150968928155,50.18014030261899,51.78007021223108,69.07528714298806,59.11667201029563,23.82379750120503,16.61733143202038,0.8386806939583987,15.715612437253142,21.891063407825737,41.360489110775084,71.41353801784534,43.59388662633276,42.39306590989059,17.26409868928821,14.194383090211169,44.19066033741128,44.962970839580755,51.74729571895713,71.92939795498253,50.00342707742367,27.03905450603249,21.549342783782482,51.82976007602311,25.274121787624455,64.89529214424537,66.64087806833128,33.36525194937036,45.87115757342991,43.05802675366762,25.312463119695884,27.205137615338383,10.457121617984171,25.553305540041805,12.994641068447642,50.438690357839214,32.12102223217459,25.96615196151151,20.479223009143826,42.79083918929698,51.5006901243216,34.674542688641075,8.233673254783707,40.013719595140884,20.316869423364498,65.70567201794896,44.41733758584222,3.070394106574072,67.98934495974126,51.2423016630067,72.446220091086,1.4163285464599036,30.832260995824814,39.365987999229155,68.01622555594206,10.074211082843403,5.294107421537526,13.150799950632102,71.3679580882996,49.0551273660127,3.2525430911283904,48.229770400930725,2.989008520980353,12.915802928094434,5.406735549798103,45.138737679769356,10.140867211085265,27.965725499433844,46.45746511222646,29.092388071515007,32.174777324648666,53.598054782447235,32.41992081844132,56.82924451904064,9.856646917298653,6.310731165372743,48.02254198250136,3.2905325135231114,37.914558519336,19.626880021112836,41.23080278154635,1.607743180619472,10.463999423214931,61.399699964248,27.78069805922571,53.59068559378188,2.6201725187196456,43.08704229218286,48.22849103743847,59.096496173650124,11.958846319807382
8,31.992363346091317,3.1695513530316397,15.37286060804555,49.54714185575605,59.72008717610091,52.974226412975874,36.63311783863648,14.575619583113474,19.97939754550724,80.54608453776717,57.12418741727534,10.170322512586795,92.62733649754645,57.68254590719123,72.1495822417964,75.69413101976497,40.35489774935036,78.34825922159179,66.25596629722679,18.082464309713966,46.05810395365423,64.69640241351874,53.45480140455324,12.557023681778356,83.84800687938163,59.909757012309896,56.6749194140145,14.75247881907076,63.02189321026781,89.41855919780808,11.709536211856804,72.58462404253582,57.22366799757164,34.78172828651186,38.267626210197285,78.07981613472943,17.992621348607436,90.94456191525488,23.294741682686567,83.47736972164778,56.44985259084744,8.405362287153356,57.28878523909613,86.46246159169625,32.020184416382236,83.19283591013165,7.032777342387885,60.700559494652666,65.31751976803433,27.871009819509457,75.09932378013617,48.42885005831655,26.028775877118115,47.39674411594584,47.3168701297756,19.01450451136224,77.75788742481524,64.60650286276967,29.391203912904338,27.0060621239826,46.14883140012517,56.56138092679076,40.08031314305645,13.889497151162209,75.3811931019352,20.806402528582446,17.21144811128516,20.755999430408597,64.8613645220466,55.98330257898037,90.87900651897071,36.52531354731079,13.101301892927781,18.166120301889777,40.62315354348582,4.046333189215421,2.151910646159227,58.16147856316166,26.553470230287946,75.23753514174822,79.81876487572607,11.060077380414862,18.685466055797434,50.79509149698766,75.83625362637015,9.090177231326905,94.6271290598378,36.173030861568826,1.408685658233389,35.76101963729578,21.607146414898377,73.82829554955792,76.94435039315182,10.901747026655869,61.09021505834791,90.91444460400638,82.01364112987707,47.37146548464245,27.140309639763657,92.88284981047606,14.515539158373034,90.55285033960791,26.062191186726643,61.85035266932655,94.23967216233677,57.03512270460729,15.054767127046862,71.36205227730026,60.978176628793435,17.59073470267127,65.82368367451315,67.92238805510259,90.60934910118031,77.54615859638305,31.250811599726262,21.79774630161339,1.1001374721177806,20.614918483338823,28.71555209621894,54.25452650057084,93.6765443104816,57.18418055687565,55.609006742848536,22.64614176437395,18.619449384762966,57.966997100360835,58.98007362598894,67.8793961889012,94.35322239702533,65.59188050763854,35.46841758372108,28.26730085326842,67.98756861969152,33.153271148045896,85.12625027166338,87.41601859436605,43.76679253567498,60.171385486134454,56.481267600884294,33.203565302241344,35.68627672051708,13.717105240779455,33.51948979341752,17.04569054600058,66.16283611502467,42.13467706470949,34.061040137619294,26.863573699162004,56.13078492760291,67.55591186710055,45.4842516527677,10.800501962205463,52.487904684749495,26.650606756277554,86.18926420787734,58.26434045984419,4.027582410260279,89.1848669389589,67.21697139702282,95.03116264585094,1.8578657145861739,40.44414747587463,51.638244252989885,89.22012749922504,13.21482322664509,6.94453323870023,17.250531600686493,93.61675494269123,64.34795054139869,4.266515921976894,63.265290440002424,3.920825055468539,16.942274796646338,7.092272927006557,59.21063537450679,13.302259249619524,36.683976128837664,60.94047305219118,38.161873167493674,42.20519018367586,70.30712513541737,42.52675659805733,74.54563084367577,12.92943393268611,8.278087097391136,62.993459038559486,4.316348459462986,49.73433496967199,25.745514744205014,54.084410756362466,2.108953420870138,13.726127185978376,80.54091526614845,36.44126680953491,70.29745861912784,3.4370052774813162,56.51932866682302,63.263612237882796,77.51969298904889,15.686989165832061
9,27.059658275647127,2.6808577901022677,13.002614101145879,41.90777382239177,50.512215483904946,44.806457361238415,30.984883472390486,12.328294749849054,16.89889753645791,68.12718083547435,48.316561488863755,8.60222324829725,78.3456991123856,48.78883012900711,61.02528341133752,64.02332008764047,34.132825106824015,66.26822464140069,56.04036773809629,15.29444072978205,38.956689142578924,54.721263385108976,45.21293546062817,10.620933693216651,70.92000014832853,50.672641298574874,47.93656334646625,12.477885151662269,53.30493642203914,75.63166338222494,9.904115086198304,61.39324880158647,48.400703772406864,29.418948249861316,32.3673770851521,66.04117113746369,15.218450100402304,76.92238115806141,19.70306922104849,70.6065092466393,47.74619818781254,7.109391347956478,48.45578098831754,73.13134822308814,27.083189786801555,70.36584594758253,5.948436805215908,51.34151482643018,55.24661448782203,23.57375081529492,63.520222505566956,40.96190453590564,22.0155595555361,40.08893263937246,40.02137393020493,16.082775404620907,65.76887862861838,54.64522489129444,24.85955556297538,22.842164067105376,39.033427883983144,47.84053065790955,33.90057700643558,11.747961301425477,63.7586321361328,17.59839172487355,14.557721143702569,17.555759969355407,54.86079100415058,47.35158264306365,76.86693334376949,30.89370085945364,11.081293005883165,15.365198320788972,34.35972019554383,3.422454045832659,1.82012082367494,49.193919114381835,22.459354524427386,63.63712391027331,67.51200210362879,9.35479230398293,15.804469357930609,42.963309809890774,64.14352968661186,7.688618902073909,80.03715600078068,30.595734466990507,1.1914891099865463,30.247248710750753,18.2756738529746,62.44516627398818,65.08077585130087,9.220873930368807,51.67109180343354,76.8969074491719,69.36846393335212,40.067551564228175,22.9557127869074,78.56181640443926,12.27747775502611,76.59106517290094,22.04382276477138,52.31402848719879,79.70943869119965,48.24122911459855,12.733565490937869,60.35917783199772,51.576327887911354,14.878527876247292,55.67473610524099,57.449854209083476,76.63885273909627,65.5897949616039,26.432441816729305,18.43688631940264,0.9305140645502982,17.43643142286404,24.28807833026695,45.88935587941974,79.23313604760136,48.36730465650367,47.03499717201991,19.154472921447624,15.748631389995463,49.02942354813036,49.88630005625259,57.413490993416765,79.80548131595206,55.478673238144104,29.999761162087005,23.90894018018223,57.50498498466607,28.04157286790752,72.00115908035454,73.93788215618525,37.01866089180944,50.893930892603464,47.772769511322686,28.084112476846972,30.184029943050557,11.60214943582558,28.351326520387754,14.417520714472571,55.961596723955324,35.63819123306762,28.809378559076837,22.721645053171645,47.476325598507216,57.139882722881644,38.47131558656182,9.135239217594185,44.39511857905883,22.54151416893153,72.90027345790223,49.28092137000464,3.40659433376827,75.43400269058694,56.85320139218805,80.37889414157158,1.5714128654670017,34.208313968800724,43.67646204577827,75.4638266426685,11.177311185726742,5.873798515296622,14.590778591068336,79.18256523345354,54.42653715675642,3.6086881618393325,53.510805734993866,3.3162972366821477,14.33005000130353,5.998759132806246,50.081312911628,11.251265987911085,31.027900236686392,51.544437593106004,32.277929451471124,35.69783236937689,59.46690339586907,35.969818442801845,63.05190006598424,10.93592430578554,7.001739934252632,53.28088633979123,3.6508373279010753,42.06610478529446,21.775972708622593,45.74546923197866,1.783786907852033,11.609780342971247,68.12280858194549,30.822612769499326,59.45872730007142,2.907074644474585,47.804962176389886,53.509386284502405,65.56740992293786,13.26830911518314
10,7.0599028117246885,0.6994395589692424,3.3924002630537857,10.933796991372034,13.178707893817094,11.690067593821619,8.08399957306778,3.216469398157933,4.408946078231044,17.77447706973082,12.605858685772352,2.2443321153243527,20.440502825856175,12.729074236629403,15.921582067048274,16.703774042463337,8.905301962391876,17.2894727903817,14.621010573527279,3.990341046143999,10.163854857719938,14.276854396987732,11.796118300284856,2.771016502871506,18.503127547080084,13.220563213959137,12.506716637242615,3.2554977438824095,13.907332705063885,19.732407095773482,2.583997522526886,16.01758475365921,12.627811525609413,7.67544487633453,8.444694096424385,17.230234212624076,3.970514984315805,20.06915717450496,5.140558405294932,18.421337330967944,12.457050100247088,1.8548501779218716,12.642181248519762,19.080071362543844,7.066042216002118,18.35854793856756,1.5519555087768788,13.395073255878021,14.413919236809617,6.15042466421604,16.572515177400387,10.687018367371554,5.743890378235185,10.459258774692666,10.44163261267873,4.19601866892772,17.159192715010683,14.257015847261341,6.485892927008105,5.959552655118565,10.183876103025,12.481661574053987,8.844708107131492,3.065059587194032,16.634716584529347,4.5914450934541975,3.798129872439117,4.580322408622579,14.313257348567927,12.354094350934089,20.05469076195695,8.060209901413554,2.891124893479785,4.008801800918209,8.964499209397067,0.8929230626285392,0.4748720767218951,12.834762521297046,5.859677108310953,16.60301491791351,17.613976075430447,2.4406784378880015,4.123408230852931,11.209187811540943,16.735136895501956,2.0059714595096105,20.88180630133423,7.982470051541054,0.310861180582747,7.89154962877514,4.768148950975367,16.292031498162068,16.979665734926403,2.405738946310208,13.481060351610115,20.062511048113333,18.098329571620702,10.453680422187578,5.98917767543597,20.496888130588758,3.2032111729069226,19.982716369104658,5.75126428918099,13.648803434513724,20.796304395441933,12.586204363627143,3.3222051031464046,15.747794186780814,13.456336313086418,3.881828799086354,14.525616767494856,14.988747571468814,19.99518421217611,17.112469535012973,6.896261157540937,4.810209509664856,0.24277242505239707,4.549189423412208,6.336793715150506,11.972597336638113,20.67203636742335,12.619097649407722,12.27149675733534,4.997428860989507,4.108840026671982,12.791845397257081,13.01540568051599,14.97926035747987,20.821362050997966,14.47446369037201,7.826979780077142,6.237876039821838,15.003131268172716,7.3160857065771125,18.78520342942783,19.29049719734266,9.658220567832288,13.278297979534276,12.463982595833306,7.327184350237059,7.875055763579433,3.0270170668693033,7.396900869126866,3.7615513837367427,14.600459105413702,9.298054096919271,7.51640728871708,5.928109075282127,12.386639963037087,14.907875575795453,10.03722021592382,2.383396729592605,11.582748728398451,5.881112674840894,19.019783632084113,12.85746153186255,0.8887852414980597,19.68083714398594,14.83308001437278,20.970966261761905,0.40998382146145274,8.924997112400584,11.395250230513213,19.688618254930223,2.9161761713247984,1.5324822742113957,3.8067546068399962,20.658842371055897,14.199959910477977,0.9415118048011574,13.96104429767054,0.86522660217176,3.7387301519401293,1.565084674652831,13.066284808107426,2.9354710829812283,8.095222707229725,13.448016090426192,8.421357083292378,9.313614553065284,15.514998534437932,9.384576101247543,16.45032919580655,2.8531979956564077,1.8267637730400366,13.901058004860555,0.9525085813664753,10.975105761748702,5.68138183370936,11.935057108432309,0.4653925071033103,3.02900798125059,17.7733363426504,8.041662919000244,15.512865379572387,0.7584598536815355,12.472381707319107,13.960673961045677,17.10662924701639,3.4617204650147633
11,7.765889306789955,0.7693831397684885,3.7316384700719287,12.027170826897706,14.496571615679292,12.859068084017037,8.892395195061479,3.538114613035256,4.84983832161048,19.551915244550635,13.866437794039475,2.4687641232592012,22.484542146543728,14.001974833903803,17.513731735276277,18.374142488756437,9.795827382867317,19.018410797366247,16.08310378987781,4.389373010805573,11.180234892787425,15.704532180249481,12.975723804253388,3.0481166671090865,20.353430378871824,14.542612445389233,13.757381593824979,3.5810457724019344,15.298058517301522,21.705637223192603,2.8423958890251395,17.61933463906368,13.890585906087304,8.442985247755919,9.289158977319333,18.95324839360151,4.367564353426943,22.07606212920382,5.654611489029364,20.263461185011185,13.702748429765228,2.0403342009890877,13.906392593582448,20.988068266476688,7.772642648202668,20.19439288704366,1.7071502273669155,14.734573397913206,15.855303430547986,6.765463832268283,18.229757807579116,11.755714472840404,6.318276335706847,11.50517904303727,11.485790274274555,4.615618285566214,18.87510278432514,15.682709786189532,7.134478741433564,6.555504724622511,11.202258251885935,13.729821037754098,9.72917417457636,3.3715639021735013,18.298179322063405,5.050587140484795,4.177940822809823,5.038352193134924,15.744575407465407,13.589497160734366,22.060149083159104,8.86622656899983,3.180235832366082,4.409679831157011,9.860944322826537,0.9822148900317644,0.5223590297281723,14.11823189035936,6.445641676695715,18.26330750578705,19.37536423689421,2.6847449727819828,4.535746842623703,12.330100581396037,18.40864161027955,2.2065675296917977,22.96997573290595,8.780712775830654,0.34194713193139603,8.680700359547243,5.244961288994772,17.921225910835645,18.677623202509736,2.6463115507838717,14.829159157105073,22.068751393737237,19.908152822952854,11.49904285827325,6.588092231084256,22.546565951511077,3.523530572369308,21.980977289620242,6.326387633792728,15.013676458341248,22.875923682277662,13.844818050220029,3.6544238318182933,17.32256516018159,14.801962727988093,4.2700095972354575,15.978170654400243,16.48761429040233,21.994691910312543,18.823707311384517,7.585883574946097,5.29122788099684,0.2670495373628662,5.004105926099612,6.970469688349608,13.16985064959923,22.73922891810007,13.88100064693855,13.498639852071443,5.497169067051365,4.519721825837343,14.07102307693113,14.316939268624308,16.477178360102325,22.903487089951295,15.921902296997645,8.60967356060717,6.861660298535959,16.503436349062888,8.047690353741041,20.66371369818179,21.219536571907547,10.624037445074178,14.606120656559701,13.710374171192289,8.059898855814966,8.662557116677348,3.329717150217864,8.136586989205957,4.137704504853641,16.060497185974285,10.227854520221085,8.268043986665909,6.520916803665093,13.625297316593999,16.398655138531925,11.040936854723725,2.6217351243762637,12.741017389604856,6.469220788383117,20.921751795302278,14.143200789808317,0.977663289007281,21.648910303882403,16.316380061078586,23.068051641561407,0.4509819837401663,9.817492037314718,12.534769142483386,21.657469521748236,3.2077922245610178,1.685729679788052,4.187428026025491,22.724715529171593,15.619948286325974,1.0356624803643188,15.35714124036422,0.9517487983824535,4.112601162116009,1.7215923027895117,14.372906281689268,3.229016617035554,8.904740636620838,14.79281048752384,9.263488275389372,10.244971013636887,17.066490067448814,10.323028678581887,18.095353293352183,3.1385162650999248,2.009439170681336,15.291156350442876,1.047758928688782,12.072610452158843,6.249516970250721,13.128556418705038,0.5119315082314629,3.3319071549695853,19.550660445373925,8.845824898291623,17.06414359824069,0.8343054323004191,13.719613189322367,15.356733870275475,18.817282997720323,3.807890655053745
12,10.245040982905918,1.0149979592927247,4.922911922765742,15.866677100617883,19.124399595087095,16.96414593593888,11.73116813935867,4.667608277788825,6.398081456289151,25.79359105718735,18.293104353501487,3.2568825823726626,29.662418130504307,18.47190969996679,23.1047459348468,24.239830801924423,12.923008432685364,25.08977276799441,21.21741000294228,5.7906190274494636,14.749368700758376,20.717984695371154,17.118042365246325,4.021185332619604,26.85097870142795,19.185138316517612,18.149233484821885,4.724244610059326,20.18174999373399,28.63485869123412,3.749791069935151,23.244061090455556,18.324961412985132,11.138290344378328,12.254593216536946,25.003808177109672,5.761848260857302,29.123536573863202,7.459767215181011,26.732288099246006,18.077159446330427,2.6916823923412614,18.345814164652623,27.6882158691187,10.253950234224284,26.641170711997365,2.25213408953168,19.438380121549038,20.916887561138452,8.925243651020661,24.04935332825349,15.508562097619361,8.335297793138126,15.178046731689681,15.152468369349592,6.089089945659046,24.900715673721738,20.689195806854055,9.412061415007607,8.648258031268837,14.778422709595228,18.11287460623074,12.835077118755102,4.447888579103588,24.139617455427068,6.662916531241751,5.511690067024029,6.64677574786572,20.77081116349455,17.92775429171757,29.102543510164956,11.69664554498773,4.195481695754959,5.817408516523316,13.008913046079783,1.2957732726885012,0.6891148529089949,18.62528019765053,8.503322740015987,24.093613298944017,25.560678606654225,3.541812300975408,5.983720660315975,16.26631294748265,24.285343286060595,2.910983389046827,30.302819608080313,11.58383266792857,0.4511089769926645,11.45189268486351,6.919341911366735,23.64232693349058,24.640193494089715,3.491109545897545,19.563161063053407,29.113891988225753,26.263552506057202,15.169951655658775,8.691248643939478,29.744242168770047,4.648368485871064,28.998097227523942,8.345998509827682,19.806582935107002,30.17874275414284,18.26458280848326,4.8210475898944125,22.852552101141953,19.527282553859546,5.633150511536394,21.078978429819987,21.751054829976585,29.016190049286774,24.83291291401048,10.007570935749067,6.980378466547368,0.3523013716351222,6.601596838480346,9.19569476284021,17.374141494126707,29.998410096050016,18.312316193753777,17.80789205648917,7.25206349936803,5.9625798807809804,18.563000630015733,18.887422130596992,21.73728737471234,30.21510539467108,21.004747185353708,11.358191572565987,9.052149495334124,21.771927859839323,10.616803077495062,27.260315635945332,27.993577197577185,14.015612987626112,19.2689206369305,18.087219599180784,10.632908973310226,11.427957465158233,4.392682836161546,10.734078721996486,5.458608866638915,21.18758655654401,13.492954198464819,10.9075015295157,8.602628399719435,17.974983147227483,21.633696711580537,14.565601709957564,3.4586874386780706,16.808409206436973,8.534429153722751,27.600728790925416,18.658220069447175,1.2897686366202408,28.56002249537708,21.52515646498647,30.432204880509108,0.5949516820862383,12.951589225422142,16.536319087593213,28.571314123979157,4.2318350812109315,2.2238753313711865,5.524205927335441,29.97926351044995,20.60639857490167,1.3662832596021477,20.259694050782265,1.255581306874199,5.42549163241178,2.2711865957853234,18.961255830755455,4.2598350644902165,11.747454690677028,19.5152085884787,12.220727501621019,13.515534893295893,22.514728612278304,13.6185113773532,23.87204205041457,4.140443739437815,2.6509245551938414,20.172644406525084,1.3822413300736616,15.926622691477798,8.244587960789538,17.31966465687657,0.6753584908410325,4.395571969337127,25.79193568090231,11.669730925905718,22.511633065554328,1.100645786787805,18.09940804478504,20.259156633483418,24.824437727953015,5.023506552603151
